User1Id,User1Description,User2Id,User2Description
144343,Actionfilm-Liebhaber,140934,Romantikfilm-Liebhaber
115644,"User, der lange Filme mag",178976,"User, der kurze Filme mag"
117178,"User, der populäre Filme mag",122467,"User, der unpopuläre Filme mag"
102411,Musikfilm - Liebhaber,260798,Musikfilm - Liebhaber
163291,Horrorfilm - Liebhaber,258982,Horrorfilm - Liebhaber
127572,offenes Interesse,37046,spezifisches Interesse
200587,offenes Interesse,107911,offenes Interesse
364,wenige Ratings,503,wenige Ratings
659,wenige Ratings,37046,viele Ratings
137721,normaler User,190304,normaler User
